faris1  ההההצצwq3,fufa1  mmmm7
faris1  ההההצצwq10,fufa1  mmmm13
faris1  ההההצצwq16,fufa1  mmmm14
faris1  ההההצצwq9,fufa1  mmmm19
faris1  ההההצצwq11,fufa1  mmmm10
faris1  ההההצצwq15,fufa1  mmmm3
faris1  ההההצצwq1,fufa1  mmmm12
faris1  ההההצצwq20,fufa1  mmmm1
faris1  ההההצצwq18,fufa1  mmmm4
faris1  ההההצצwq17,fufa1  mmmm15
faris1  ההההצצwq6,fufa1  mmmm18
faris1  ההההצצwq4,fufa1  mmmm11
faris1  ההההצצwq21,fufa1  mmmm16
faris1  ההההצצwq8,fufa1  mmmm17
faris1  ההההצצwq19,fufa1  mmmm2
faris1  ההההצצwq13,fufa1  mmmm5
faris1  ההההצצwq5,fufa1  mmmm6
faris1  ההההצצwq12,fufa1  mmmm9
faris1  ההההצצwq7,fufa1  mmmm8
faris1  ההההצצwq2,fufa1  mmmm20
Anna1 qwq14,CRis1 ooopצצ8
Anna1 qwq7,CRis1 ooopצצ23
Anna1 qwq4,CRis1 ooopצצ14
Anna1 qwq11,CRis1 ooopצצ11
Anna1 qwq5,CRis1 ooopצצ1
Anna1 qwq20,CRis1 ooopצצ13
Anna1 qwq2,CRis1 ooopצצ16
Anna1 qwq15,CRis1 ooopצצ21
Anna1 qwq13,CRis1 ooopצצ18
Anna1 qwq6,CRis1 ooopצצ9
Anna1 qwq18,CRis1 ooopצצ4
Anna1 qwq19,CRis1 ooopצצ24
Anna1 qwq17,CRis1 ooopצצ26
Anna1 qwq3,CRis1 ooopצצ10
Anna1 qwq1,CRis1 ooopצצ2
Anna1 qwq9,CRis1 ooopצצ19
Anna1 qwq8,CRis1 ooopצצ17
Anna1 qwq16,CRis1 ooopצצ22
Anna1 qwq10,CRis1 ooopצצ3
Anna1 qwq21,CRis1 ooopצצ25
Anna1 qwq12,CRis1 ooopצצ6
tessi1 wwהצ17,iva1   צצצ6
tessi1 wwהצ6,iva1   צצצ7
tessi1 wwהצ14,iva1   צצצ15
tessi1 wwהצ18,iva1   צצצ13
tessi1 wwהצ12,iva1   צצצ22
tessi1 wwהצ2,iva1   צצצ16
tessi1 wwהצ16,iva1   צצצ11
tessi1 wwהצ4,iva1   צצצ9
tessi1 wwהצ5,iva1   צצצ2
tessi1 wwהצ3,iva1   צצצ8
tessi1 wwהצ8,iva1   צצצ17
tessi1 wwהצ9,iva1   צצצ12
tessi1 wwהצ20,iva1   צצצ5
tessi1 wwהצ15,iva1   צצצ4
tessi1 wwהצ19,iva1   צצצ1
tessi1 wwהצ10,iva1   צצצ21
tessi1 wwהצ1,iva1   צצצ20
tessi1 wwהצ13,iva1   צצצ14
tessi1 wwהצ7,iva1   צצצ19
tessi1 wwהצ11,iva1   צצצ3
Arpine1 צp7,Cristina1 ffffהההה15
Arpine1 צp21,Cristina1 ffffהההה19
Arpine1 צp6,Cristina1 ffffהההה12
Arpine1 צp2,Cristina1 ffffהההה22
Arpine1 צp12,Cristina1 ffffהההה5
Arpine1 צp5,Cristina1 ffffהההה21
Arpine1 צp14,Cristina1 ffffהההה1
Arpine1 צp15,Cristina1 ffffהההה13
Arpine1 צp9,Cristina1 ffffהההה11
Arpine1 צp8,Cristina1 ffffהההה6
Arpine1 צp10,Cristina1 ffffהההה10
Arpine1 צp4,Cristina1 ffffהההה2
Arpine1 צp16,Cristina1 ffffהההה4
Arpine1 צp17,Cristina1 ffffהההה8
Arpine1 צp11,Cristina1 ffffהההה3
Arpine1 צp13,Cristina1 ffffהההה9
Arpine1 צp3,Cristina1 ffffהההה16
Arpine1 צp20,Cristina1 ffffהההה23
Arpine1 צp18,Cristina1 ffffהההה7
Arpine1 צp19,Cristina1 ffffהההה18
Arpine1 צp1,Cristina1 ffffהההה20
CRis1 ooopצצ27,iva1   צצצ10
CRis1 ooopצצ20,iva1   צצצ18
Cristina1 ffffהההה17,faris1  ההההצצwq14
Cristina1 ffffהההה24,CRis1 ooopצצ12
Cristina1 ffffהההה14,CRis1 ooopצצ7
CRis1 ooopצצ5,CRis1 ooopצצ15
