tessi1 wwהצ18,faris1  ההההצצwq8
faris1  ההההצצwq8,tessi1 wwהצ18
tessi1 wwהצ16,faris1  ההההצצwq19
faris1  ההההצצwq19,tessi1 wwהצ16
tessi1 wwהצ13,faris1  ההההצצwq9
faris1  ההההצצwq9,tessi1 wwהצ13
tessi1 wwהצ12,faris1  ההההצצwq10
faris1  ההההצצwq10,tessi1 wwהצ12
tessi1 wwהצ11,faris1  ההההצצwq2
faris1  ההההצצwq2,tessi1 wwהצ11
tessi1 wwהצ14,faris1  ההההצצwq15
faris1  ההההצצwq15,tessi1 wwהצ14
tessi1 wwהצ1,faris1  ההההצצwq17
faris1  ההההצצwq17,tessi1 wwהצ1
tessi1 wwהצ4,faris1  ההההצצwq16
faris1  ההההצצwq16,tessi1 wwהצ4
tessi1 wwהצ19,faris1  ההההצצwq12
faris1  ההההצצwq12,tessi1 wwהצ19
tessi1 wwהצ3,faris1  ההההצצwq5
faris1  ההההצצwq5,tessi1 wwהצ3
tessi1 wwהצ9,faris1  ההההצצwq20
faris1  ההההצצwq20,tessi1 wwהצ9
tessi1 wwהצ20,faris1  ההההצצwq3
faris1  ההההצצwq3,tessi1 wwהצ20
tessi1 wwהצ15,faris1  ההההצצwq1
faris1  ההההצצwq1,tessi1 wwהצ15
tessi1 wwהצ6,faris1  ההההצצwq13
faris1  ההההצצwq13,tessi1 wwהצ6
tessi1 wwהצ10,faris1  ההההצצwq11
faris1  ההההצצwq11,tessi1 wwהצ10
tessi1 wwהצ2,faris1  ההההצצwq7
faris1  ההההצצwq7,tessi1 wwהצ2
tessi1 wwהצ7,faris1  ההההצצwq4
faris1  ההההצצwq4,tessi1 wwהצ7
tessi1 wwהצ8,faris1  ההההצצwq18
faris1  ההההצצwq18,tessi1 wwהצ8
tessi1 wwהצ5,faris1  ההההצצwq6
faris1  ההההצצwq6,tessi1 wwהצ5
tessi1 wwהצ17,faris1  ההההצצwq14
faris1  ההההצצwq14,tessi1 wwהצ17
fufa1  mmmm7,iva1   צצצ6
iva1   צצצ6,fufa1  mmmm7
fufa1  mmmm17,iva1   צצצ14
iva1   צצצ14,fufa1  mmmm17
fufa1  mmmm10,iva1   צצצ19
iva1   צצצ19,fufa1  mmmm10
fufa1  mmmm18,iva1   צצצ11
iva1   צצצ11,fufa1  mmmm18
fufa1  mmmm12,iva1   צצצ20
iva1   צצצ20,fufa1  mmmm12
fufa1  mmmm15,iva1   צצצ16
iva1   צצצ16,fufa1  mmmm15
fufa1  mmmm2,iva1   צצצ4
iva1   צצצ4,fufa1  mmmm2
fufa1  mmmm3,iva1   צצצ5
iva1   צצצ5,fufa1  mmmm3
fufa1  mmmm16,iva1   צצצ7
iva1   צצצ7,fufa1  mmmm16
fufa1  mmmm8,iva1   צצצ3
iva1   צצצ3,fufa1  mmmm8
fufa1  mmmm6,iva1   צצצ18
iva1   צצצ18,fufa1  mmmm6
fufa1  mmmm9,iva1   צצצ12
iva1   צצצ12,fufa1  mmmm9
fufa1  mmmm5,iva1   צצצ8
iva1   צצצ8,fufa1  mmmm5
fufa1  mmmm13,iva1   צצצ10
iva1   צצצ10,fufa1  mmmm13
fufa1  mmmm11,iva1   צצצ1
iva1   צצצ1,fufa1  mmmm11
fufa1  mmmm1,iva1   צצצ2
iva1   צצצ2,fufa1  mmmm1
fufa1  mmmm4,iva1   צצצ9
iva1   צצצ9,fufa1  mmmm4
fufa1  mmmm19,iva1   צצצ15
iva1   צצצ15,fufa1  mmmm19
fufa1  mmmm14,iva1   צצצ21
iva1   צצצ21,fufa1  mmmm14
fufa1  mmmm20,iva1   צצצ17
iva1   צצצ17,fufa1  mmmm20
Anna1 qwq16,Arpine1 צp20
Arpine1 צp20,Anna1 qwq16
Anna1 qwq7,Arpine1 צp4
Arpine1 צp4,Anna1 qwq7
Anna1 qwq8,Arpine1 צp11
Arpine1 צp11,Anna1 qwq8
Anna1 qwq5,Arpine1 צp17
Arpine1 צp17,Anna1 qwq5
Anna1 qwq2,Arpine1 צp10
Arpine1 צp10,Anna1 qwq2
Anna1 qwq4,Arpine1 צp2
Arpine1 צp2,Anna1 qwq4
Anna1 qwq20,Arpine1 צp14
Arpine1 צp14,Anna1 qwq20
Anna1 qwq9,Arpine1 צp13
Arpine1 צp13,Anna1 qwq9
Anna1 qwq10,Arpine1 צp19
Arpine1 צp19,Anna1 qwq10
Anna1 qwq12,Arpine1 צp3
Arpine1 צp3,Anna1 qwq12
Anna1 qwq18,Arpine1 צp16
Arpine1 צp16,Anna1 qwq18
Anna1 qwq17,Arpine1 צp6
Arpine1 צp6,Anna1 qwq17
Anna1 qwq21,Arpine1 צp8
Arpine1 צp8,Anna1 qwq21
Anna1 qwq14,Arpine1 צp1
Arpine1 צp1,Anna1 qwq14
Anna1 qwq13,Arpine1 צp5
Arpine1 צp5,Anna1 qwq13
Anna1 qwq15,Arpine1 צp15
Arpine1 צp15,Anna1 qwq15
Anna1 qwq3,Arpine1 צp9
Arpine1 צp9,Anna1 qwq3
Anna1 qwq19,Arpine1 צp12
Arpine1 צp12,Anna1 qwq19
Anna1 qwq6,Arpine1 צp18
Arpine1 צp18,Anna1 qwq6
Anna1 qwq11,Arpine1 צp7
Arpine1 צp7,Anna1 qwq11
Anna1 qwq1,Arpine1 צp21
Arpine1 צp21,Anna1 qwq1
CRis1 ooopצצ22,Cristina1 ffffהההה14
Cristina1 ffffהההה14,CRis1 ooopצצ22
CRis1 ooopצצ18,Cristina1 ffffהההה3
Cristina1 ffffהההה3,CRis1 ooopצצ18
CRis1 ooopצצ8,Cristina1 ffffהההה12
Cristina1 ffffהההה12,CRis1 ooopצצ8
CRis1 ooopצצ12,Cristina1 ffffהההה4
Cristina1 ffffהההה4,CRis1 ooopצצ12
CRis1 ooopצצ9,Cristina1 ffffהההה8
Cristina1 ffffהההה8,CRis1 ooopצצ9
CRis1 ooopצצ10,Cristina1 ffffהההה18
Cristina1 ffffהההה18,CRis1 ooopצצ10
CRis1 ooopצצ4,Cristina1 ffffהההה13
Cristina1 ffffהההה13,CRis1 ooopצצ4
CRis1 ooopצצ17,Cristina1 ffffהההה20
Cristina1 ffffהההה20,CRis1 ooopצצ17
CRis1 ooopצצ16,Cristina1 ffffהההה2
Cristina1 ffffהההה2,CRis1 ooopצצ16
CRis1 ooopצצ19,Cristina1 ffffהההה16
Cristina1 ffffהההה16,CRis1 ooopצצ19
CRis1 ooopצצ2,Cristina1 ffffהההה6
Cristina1 ffffהההה6,CRis1 ooopצצ2
CRis1 ooopצצ20,Cristina1 ffffהההה23
Cristina1 ffffהההה23,CRis1 ooopצצ20
CRis1 ooopצצ14,Cristina1 ffffהההה19
Cristina1 ffffהההה19,CRis1 ooopצצ14
CRis1 ooopצצ13,Cristina1 ffffהההה9
Cristina1 ffffהההה9,CRis1 ooopצצ13
CRis1 ooopצצ25,Cristina1 ffffהההה17
Cristina1 ffffהההה17,CRis1 ooopצצ25
CRis1 ooopצצ11,Cristina1 ffffהההה24
Cristina1 ffffהההה24,CRis1 ooopצצ11
CRis1 ooopצצ3,Cristina1 ffffהההה15
Cristina1 ffffהההה15,CRis1 ooopצצ3
CRis1 ooopצצ7,Cristina1 ffffהההה22
Cristina1 ffffהההה22,CRis1 ooopצצ7
CRis1 ooopצצ28,Cristina1 ffffהההה21
Cristina1 ffffהההה21,CRis1 ooopצצ28
CRis1 ooopצצ24,Cristina1 ffffהההה10
Cristina1 ffffהההה10,CRis1 ooopצצ24
CRis1 ooopצצ21,Cristina1 ffffהההה1
Cristina1 ffffהההה1,CRis1 ooopצצ21
CRis1 ooopצצ1,Cristina1 ffffהההה7
Cristina1 ffffהההה7,CRis1 ooopצצ1
CRis1 ooopצצ27,Cristina1 ffffהההה11
Cristina1 ffffהההה11,CRis1 ooopצצ27
CRis1 ooopצצ6,Cristina1 ffffהההה5
Cristina1 ffffהההה5,CRis1 ooopצצ6
CRis1 ooopצצ5,faris1  ההההצצwq21
faris1  ההההצצwq21,CRis1 ooopצצ5
iva1   צצצ13,CRis1 ooopצצ23
CRis1 ooopצצ23,iva1   צצצ13
iva1   צצצ22,CRis1 ooopצצ26
CRis1 ooopצצ26,iva1   צצצ22
Superpower,CRis1 ooopצצ15
faris1  ההההצצwq3,fufa1  mmmm7
fufa1  mmmm7,faris1  ההההצצwq3
faris1  ההההצצwq10,fufa1  mmmm13
fufa1  mmmm13,faris1  ההההצצwq10
faris1  ההההצצwq16,fufa1  mmmm14
fufa1  mmmm14,faris1  ההההצצwq16
faris1  ההההצצwq9,fufa1  mmmm19
fufa1  mmmm19,faris1  ההההצצwq9
faris1  ההההצצwq11,fufa1  mmmm10
fufa1  mmmm10,faris1  ההההצצwq11
faris1  ההההצצwq15,fufa1  mmmm3
fufa1  mmmm3,faris1  ההההצצwq15
faris1  ההההצצwq1,fufa1  mmmm12
fufa1  mmmm12,faris1  ההההצצwq1
faris1  ההההצצwq20,fufa1  mmmm1
fufa1  mmmm1,faris1  ההההצצwq20
faris1  ההההצצwq18,fufa1  mmmm4
fufa1  mmmm4,faris1  ההההצצwq18
faris1  ההההצצwq17,fufa1  mmmm15
fufa1  mmmm15,faris1  ההההצצwq17
faris1  ההההצצwq6,fufa1  mmmm18
fufa1  mmmm18,faris1  ההההצצwq6
faris1  ההההצצwq4,fufa1  mmmm11
fufa1  mmmm11,faris1  ההההצצwq4
faris1  ההההצצwq21,fufa1  mmmm16
fufa1  mmmm16,faris1  ההההצצwq21
faris1  ההההצצwq8,fufa1  mmmm17
fufa1  mmmm17,faris1  ההההצצwq8
faris1  ההההצצwq19,fufa1  mmmm2
fufa1  mmmm2,faris1  ההההצצwq19
faris1  ההההצצwq13,fufa1  mmmm5
fufa1  mmmm5,faris1  ההההצצwq13
faris1  ההההצצwq5,fufa1  mmmm6
fufa1  mmmm6,faris1  ההההצצwq5
faris1  ההההצצwq12,fufa1  mmmm9
fufa1  mmmm9,faris1  ההההצצwq12
faris1  ההההצצwq7,fufa1  mmmm8
fufa1  mmmm8,faris1  ההההצצwq7
faris1  ההההצצwq2,fufa1  mmmm20
fufa1  mmmm20,faris1  ההההצצwq2
Anna1 qwq14,CRis1 ooopצצ8
CRis1 ooopצצ8,Anna1 qwq14
Anna1 qwq7,CRis1 ooopצצ23
CRis1 ooopצצ23,Anna1 qwq7
Anna1 qwq4,CRis1 ooopצצ14
CRis1 ooopצצ14,Anna1 qwq4
Anna1 qwq11,CRis1 ooopצצ11
CRis1 ooopצצ11,Anna1 qwq11
Anna1 qwq5,CRis1 ooopצצ1
CRis1 ooopצצ1,Anna1 qwq5
Anna1 qwq20,CRis1 ooopצצ13
CRis1 ooopצצ13,Anna1 qwq20
Anna1 qwq2,CRis1 ooopצצ16
CRis1 ooopצצ16,Anna1 qwq2
Anna1 qwq15,CRis1 ooopצצ21
CRis1 ooopצצ21,Anna1 qwq15
Anna1 qwq13,CRis1 ooopצצ18
CRis1 ooopצצ18,Anna1 qwq13
Anna1 qwq6,CRis1 ooopצצ9
CRis1 ooopצצ9,Anna1 qwq6
Anna1 qwq18,CRis1 ooopצצ4
CRis1 ooopצצ4,Anna1 qwq18
Anna1 qwq19,CRis1 ooopצצ24
CRis1 ooopצצ24,Anna1 qwq19
Anna1 qwq17,CRis1 ooopצצ26
CRis1 ooopצצ26,Anna1 qwq17
Anna1 qwq3,CRis1 ooopצצ10
CRis1 ooopצצ10,Anna1 qwq3
Anna1 qwq1,CRis1 ooopצצ2
CRis1 ooopצצ2,Anna1 qwq1
Anna1 qwq9,CRis1 ooopצצ19
CRis1 ooopצצ19,Anna1 qwq9
Anna1 qwq8,CRis1 ooopצצ17
CRis1 ooopצצ17,Anna1 qwq8
Anna1 qwq16,CRis1 ooopצצ22
CRis1 ooopצצ22,Anna1 qwq16
Anna1 qwq10,CRis1 ooopצצ3
CRis1 ooopצצ3,Anna1 qwq10
Anna1 qwq21,CRis1 ooopצצ25
CRis1 ooopצצ25,Anna1 qwq21
Anna1 qwq12,CRis1 ooopצצ6
CRis1 ooopצצ6,Anna1 qwq12
tessi1 wwהצ17,iva1   צצצ6
iva1   צצצ6,tessi1 wwהצ17
tessi1 wwהצ6,iva1   צצצ7
iva1   צצצ7,tessi1 wwהצ6
tessi1 wwהצ14,iva1   צצצ15
iva1   צצצ15,tessi1 wwהצ14
tessi1 wwהצ18,iva1   צצצ13
iva1   צצצ13,tessi1 wwהצ18
tessi1 wwהצ12,iva1   צצצ22
iva1   צצצ22,tessi1 wwהצ12
tessi1 wwהצ2,iva1   צצצ16
iva1   צצצ16,tessi1 wwהצ2
tessi1 wwהצ16,iva1   צצצ11
iva1   צצצ11,tessi1 wwהצ16
tessi1 wwהצ4,iva1   צצצ9
iva1   צצצ9,tessi1 wwהצ4
tessi1 wwהצ5,iva1   צצצ2
iva1   צצצ2,tessi1 wwהצ5
tessi1 wwהצ3,iva1   צצצ8
iva1   צצצ8,tessi1 wwהצ3
tessi1 wwהצ8,iva1   צצצ17
iva1   צצצ17,tessi1 wwהצ8
tessi1 wwהצ9,iva1   צצצ12
iva1   צצצ12,tessi1 wwהצ9
tessi1 wwהצ20,iva1   צצצ5
iva1   צצצ5,tessi1 wwהצ20
tessi1 wwהצ15,iva1   צצצ4
iva1   צצצ4,tessi1 wwהצ15
tessi1 wwהצ19,iva1   צצצ1
iva1   צצצ1,tessi1 wwהצ19
tessi1 wwהצ10,iva1   צצצ21
iva1   צצצ21,tessi1 wwהצ10
tessi1 wwהצ1,iva1   צצצ20
iva1   צצצ20,tessi1 wwהצ1
tessi1 wwהצ13,iva1   צצצ14
iva1   צצצ14,tessi1 wwהצ13
tessi1 wwהצ7,iva1   צצצ19
iva1   צצצ19,tessi1 wwהצ7
tessi1 wwהצ11,iva1   צצצ3
iva1   צצצ3,tessi1 wwהצ11
Arpine1 צp7,Cristina1 ffffהההה15
Cristina1 ffffהההה15,Arpine1 צp7
Arpine1 צp21,Cristina1 ffffהההה19
Cristina1 ffffהההה19,Arpine1 צp21
Arpine1 צp6,Cristina1 ffffהההה12
Cristina1 ffffהההה12,Arpine1 צp6
Arpine1 צp2,Cristina1 ffffהההה22
Cristina1 ffffהההה22,Arpine1 צp2
Arpine1 צp12,Cristina1 ffffהההה5
Cristina1 ffffהההה5,Arpine1 צp12
Arpine1 צp5,Cristina1 ffffהההה21
Cristina1 ffffהההה21,Arpine1 צp5
Arpine1 צp14,Cristina1 ffffהההה1
Cristina1 ffffהההה1,Arpine1 צp14
Arpine1 צp15,Cristina1 ffffהההה13
Cristina1 ffffהההה13,Arpine1 צp15
Arpine1 צp9,Cristina1 ffffהההה11
Cristina1 ffffהההה11,Arpine1 צp9
Arpine1 צp8,Cristina1 ffffהההה6
Cristina1 ffffהההה6,Arpine1 צp8
Arpine1 צp10,Cristina1 ffffהההה10
Cristina1 ffffהההה10,Arpine1 צp10
Arpine1 צp4,Cristina1 ffffהההה2
Cristina1 ffffהההה2,Arpine1 צp4
Arpine1 צp16,Cristina1 ffffהההה4
Cristina1 ffffהההה4,Arpine1 צp16
Arpine1 צp17,Cristina1 ffffהההה8
Cristina1 ffffהההה8,Arpine1 צp17
Arpine1 צp11,Cristina1 ffffהההה3
Cristina1 ffffהההה3,Arpine1 צp11
Arpine1 צp13,Cristina1 ffffהההה9
Cristina1 ffffהההה9,Arpine1 צp13
Arpine1 צp3,Cristina1 ffffהההה16
Cristina1 ffffהההה16,Arpine1 צp3
Arpine1 צp20,Cristina1 ffffהההה23
Cristina1 ffffהההה23,Arpine1 צp20
Arpine1 צp18,Cristina1 ffffהההה7
Cristina1 ffffהההה7,Arpine1 צp18
Arpine1 צp19,Cristina1 ffffהההה18
Cristina1 ffffהההה18,Arpine1 צp19
Arpine1 צp1,Cristina1 ffffהההה20
Cristina1 ffffהההה20,Arpine1 צp1
CRis1 ooopצצ27,iva1   צצצ10
iva1   צצצ10,CRis1 ooopצצ27
CRis1 ooopצצ20,iva1   צצצ18
iva1   צצצ18,CRis1 ooopצצ20
Cristina1 ffffהההה17,faris1  ההההצצwq14
faris1  ההההצצwq14,Cristina1 ffffהההה17
Cristina1 ffffהההה24,CRis1 ooopצצ12
CRis1 ooopצצ12,Cristina1 ffffהההה24
Cristina1 ffffהההה14,CRis1 ooopצצ7
CRis1 ooopצצ7,Cristina1 ffffהההה14
CRis1 ooopצצ5,CRis1 ooopצצ15
Superpower,CRis1 ooopצצ28
